{
  "metadata": {
    "modelCenter": {
      "x": 0,
      "y": 0,
      "z": 0
    },
    "modelSize": {
      "x": 77.6883544921875,
      "y": 101.28689575195312,
      "z": 71.63460016250613
    },
    "maxDimension": 101.28689575195312
  },
  "landmarks3D": {
    "front": {
      "leftEyePupil": {
        "x": -8.916051434839801,
        "y": 17.131555971228067,
        "z": 24.715372866593402
      },
      "rightEyePupil": {
        "x": 9.044839850196013,
        "y": 17.006846760570625,
        "z": 24.69016197473331
      },
      "cupidsBow": {
        "x": 1.7153771869111551,
        "y": 0.3063173548055147,
        "z": 30.839153892744342
      },
      "hairline": {
        "x": -0.24924850075183258,
        "y": 32.838489974045956,
        "z": 28.188406575389024
      },
      "chinBottom": {
        "x": 0,
        "y": -13.011203476121636,
        "z": 26.81348086574442
      },
      "leftCheek": {
        "x": -20.15933571261803,
        "y": 15.557748212998604,
        "z": 1.0681940957759402
      },
      "rightCheek": {
        "x": 20.24035611539898,
        "y": 14.886928592123184,
        "z": 0.3261643167484287
      },
      "leftBottomGonion": {
        "x": -15.903483555990078,
        "y": -4.011055587130272,
        "z": 7.821550516102439
      },
      "chinLeft": {
        "x": -7.283971963458498,
        "y": -11.771418976660755,
        "z": 21.304456882436444
      },
      "chinRight": {
        "x": 8.056140772961271,
        "y": -10.71986473821471,
        "z": 21.472772296633426
      },
      "rightBottomGonion": {
        "x": 16.424902136772403,
        "y": -3.3563930453404964,
        "z": 5.1845352766414905
      },
      "leftEyeMedialCanthus": {
        "x": -5.3895070210247695,
        "y": 16.745968243898403,
        "z": 23.51540376331432
      },
      "leftEyeLateralCanthus": {
        "x": -12.811868374325513,
        "y": 17.147197571698257,
        "z": 22.13623695256808
      },
      "rightEyeMedialCanthus": {
        "x": 5.516955274763404,
        "y": 16.87161903793907,
        "z": 23.541073529567168
      },
      "rightEyeLateralCanthus": {
        "x": 12.802971988457102,
        "y": 17.264613742010283,
        "z": 22.249812395752596
      },
      "mouthLeft": {
        "x": -6.960049183129513,
        "y": -1.8349220573705338,
        "z": 25.759103822829125
      },
      "mouthRight": {
        "x": 7.077854433778384,
        "y": -1.9590489950636538,
        "z": 25.95638424663639
      },
      "noseLeft": {
        "x": -4.676256245266131,
        "y": 6.337557806084419,
        "z": 30.166222250325845
      },
      "noseRight": {
        "x": 4.998976219427732,
        "y": 6.061258666056062,
        "z": 27.745852350065135
      }
    },
    "side": {
      "intertragicNotch": {
        "x": 19.520958421949672,
        "y": 9.92689529700948,
        "z": -0.1314820569139954
      },
      "menton": {
        "x": 3.4373681038366612,
        "y": -13.483412389843465,
        "z": 23.217426681976438
      },
      "nasion": {
        "x": 1.4614380952525607,
        "y": 16.83655080925206,
        "z": 29.88305554888896
      },
      "sublabiale": {
        "x": 4.644442446590119,
        "y": -7.091001967191062,
        "z": 26.931482218826723
      },
      "gonionTop": {
        "x": 16.70896291514191,
        "y": -0.4679743151883713,
        "z": 1.2033625247700321
      },
      "gonionBottom": {
        "x": 12.96571540518778,
        "y": -7.4484418133018835,
        "z": 6.423426884865895
      },
      "subnasale": {
        "x": 1.1762145230204624,
        "y": 2.846935173577151,
        "z": 30.805298544860236
      },
      "tragus": {
        "x": 20.540424617444728,
        "y": 11.564776525168554,
        "z": -0.2613508819246775
      },
      "cervicalPoint": {
        "x": 2.4599797637769143,
        "y": -13.265756239210475,
        "z": 11.743456342907677
      },
      "neckPoint": {
        "x": 1.7502922024177678,
        "y": -28.890177765474732,
        "z": 4.948443546731205
      },
      "glabella": {
        "x": 4.536479993773241,
        "y": 22.145718898889413,
        "z": 30.3876531169227
      },
      "pogonion": {
        "x": 2.316479380223768,
        "y": -11.389916838653392,
        "z": 27.567951584001968
      }
    }
  },
  "landmarks2D": {
    "front": {
      "leftEyePupil": {
        "x": 422,
        "y": 339
      },
      "rightEyePupil": {
        "x": 603,
        "y": 340
      },
      "cupidsBow": {
        "x": 529,
        "y": 509
      },
      "hairline": {
        "x": 509,
        "y": 180
      },
      "chinBottom": {
        "x": 512,
        "y": 644
      },
      "leftCheek": {
        "x": 308,
        "y": 355
      },
      "rightCheek": {
        "x": 717,
        "y": 361
      },
      "leftBottomGonion": {
        "x": 351,
        "y": 553
      },
      "chinLeft": {
        "x": 438,
        "y": 631
      },
      "chinRight": {
        "x": 593,
        "y": 620
      },
      "rightBottomGonion": {
        "x": 678,
        "y": 546
      },
      "leftEyeMedialCanthus": {
        "x": 458,
        "y": 343
      },
      "leftEyeLateralCanthus": {
        "x": 382,
        "y": 339
      },
      "rightEyeMedialCanthus": {
        "x": 568,
        "y": 341
      },
      "rightEyeLateralCanthus": {
        "x": 641,
        "y": 337
      },
      "mouthLeft": {
        "x": 442,
        "y": 531
      },
      "mouthRight": {
        "x": 584,
        "y": 532
      },
      "noseLeft": {
        "x": 465,
        "y": 448
      },
      "noseRight": {
        "x": 563,
        "y": 451
      }
    },
    "side": {
      "intertragicNotch": {
        "x": 511,
        "y": 412
      },
      "menton": {
        "x": 747,
        "y": 648
      },
      "nasion": {
        "x": 814,
        "y": 342
      },
      "sublabiale": {
        "x": 784,
        "y": 584
      },
      "gonionTop": {
        "x": 524,
        "y": 517
      },
      "gonionBottom": {
        "x": 577,
        "y": 587
      },
      "subnasale": {
        "x": 823,
        "y": 483
      },
      "tragus": {
        "x": 509,
        "y": 395
      },
      "cervicalPoint": {
        "x": 631,
        "y": 646
      },
      "neckPoint": {
        "x": 562,
        "y": 804
      },
      "glabella": {
        "x": 819,
        "y": 288
      },
      "pogonion": {
        "x": 791,
        "y": 627
      }
    }
  }
}